account_id,name,region,plan
A-00000,Account 00000,eu-west,P-FREE
A-00001,Account 00001,eu-north,P-TEAM
A-00002,Account 00002,us-east,P-BIZ
A-00003,Account 00003,us-west,P-ENT
A-00004,Account 00004,ap-south,P-FREE
A-00005,Account 00005,eu-west,P-TEAM
A-00006,Account 00006,eu-north,P-BIZ
A-00007,Account 00007,us-east,P-ENT
A-00008,Account 00008,us-west,P-FREE
A-00009,Account 00009,ap-south,P-TEAM
A-00010,Account 00010,eu-west,P-BIZ
A-00011,Account 00011,eu-north,P-ENT
A-00012,Account 00012,us-east,P-FREE
A-00013,Account 00013,us-west,P-TEAM
A-00014,Account 00014,ap-south,P-BIZ
A-00015,Account 00015,eu-west,P-ENT
A-00016,Account 00016,eu-north,P-FREE
A-00017,Account 00017,us-east,P-TEAM
A-00018,Account 00018,us-west,P-BIZ
A-00019,Account 00019,ap-south,P-ENT
A-00020,Account 00020,eu-west,P-FREE
A-00021,Account 00021,eu-north,P-TEAM
A-00022,Account 00022,us-east,P-BIZ
A-00023,Account 00023,us-west,P-ENT
A-00024,Account 00024,ap-south,P-FREE
A-00025,Account 00025,eu-west,P-TEAM
A-00026,Account 00026,eu-north,P-BIZ
A-00027,Account 00027,us-east,P-ENT
A-00028,Account 00028,us-west,P-FREE
A-00029,Account 00029,ap-south,P-TEAM
A-00030,Account 00030,eu-west,P-BIZ
A-00031,Account 00031,eu-north,P-ENT
A-00032,Account 00032,us-east,P-FREE
A-00033,Account 00033,us-west,P-TEAM
A-00034,Account 00034,ap-south,P-BIZ
A-00035,Account 00035,eu-west,P-ENT
A-00036,Account 00036,eu-north,P-FREE
A-00037,Account 00037,us-east,P-TEAM
A-00038,Account 00038,us-west,P-BIZ
A-00039,Account 00039,ap-south,P-ENT
A-00040,Account 00040,eu-west,P-FREE
A-00041,Account 00041,eu-north,P-TEAM
A-00042,Account 00042,us-east,P-BIZ
A-00043,Account 00043,us-west,P-ENT
A-00044,Account 00044,ap-south,P-FREE
A-00045,Account 00045,eu-west,P-TEAM
A-00046,Account 00046,eu-north,P-BIZ
A-00047,Account 00047,us-east,P-ENT
A-00048,Account 00048,us-west,P-FREE
A-00049,Account 00049,ap-south,P-TEAM
A-00050,Account 00050,eu-west,P-BIZ
A-00051,Account 00051,eu-north,P-ENT
A-00052,Account 00052,us-east,P-FREE
A-00053,Account 00053,us-west,P-TEAM
A-00054,Account 00054,ap-south,P-BIZ
A-00055,Account 00055,eu-west,P-ENT
A-00056,Account 00056,eu-north,P-FREE
A-00057,Account 00057,us-east,P-TEAM
A-00058,Account 00058,us-west,P-BIZ
A-00059,Account 00059,ap-south,P-ENT
