date,account_id,kind,amount
2026-08-04,A-00015,export,330.25
2026-08-04,A-00036,seat_change,10.57
2026-08-04,A-00006,seat_change,73.17
2026-08-04,A-00006,api_call,283.80
2026-08-04,A-00036,storage,120.29
2026-08-04,A-00003,api_call,35.56
2026-08-04,A-00030,api_call,486.20
2026-08-04,A-00050,support_ticket,50.41
2026-08-04,A-00030,export,487.98
2026-08-04,A-00049,export,487.83
2026-08-04,A-00037,seat_change,228.70
2026-08-04,A-00057,export,155.95
2026-08-04,A-00011,api_call,79.12
2026-08-04,A-00003,export,29.79
2026-08-04,A-00056,support_ticket,214.24
2026-08-04,A-00018,storage,102.63
2026-08-04,A-00037,support_ticket,48.34
2026-08-04,A-00055,seat_change,360.83
2026-08-04,A-00003,seat_change,341.25
2026-08-04,A-00022,export,47.49
2026-08-04,A-00015,api_call,253.28
2026-08-04,A-00039,seat_change,468.70
2026-08-04,A-00009,support_ticket,85.34
2026-08-04,A-00043,export,137.58
2026-08-04,A-00026,seat_change,163.64
2026-08-04,A-00032,support_ticket,51.19
2026-08-04,A-00008,support_ticket,358.25
2026-08-04,A-00031,support_ticket,216.50
2026-08-04,A-00053,support_ticket,23.07
2026-08-04,A-00037,storage,178.72
2026-08-04,A-00039,support_ticket,165.06
2026-08-04,A-00016,storage,392.00
2026-08-04,A-00031,export,117.69
2026-08-04,A-00011,seat_change,349.69
2026-08-04,A-00054,seat_change,101.19
2026-08-04,A-00019,api_call,97.20
2026-08-04,A-00043,export,407.66
2026-08-04,A-00030,export,176.51
2026-08-04,A-00058,seat_change,44.84
2026-08-04,A-00004,seat_change,64.74
2026-08-04,A-00047,api_call,258.33
2026-08-04,A-00052,support_ticket,305.38
2026-08-04,A-00000,seat_change,42.56
2026-08-04,A-00058,storage,35.00
2026-08-04,A-00018,seat_change,306.43
2026-08-04,A-00046,storage,237.53
2026-08-04,A-00058,storage,314.46
2026-08-04,A-00059,export,68.91
2026-08-04,A-00036,export,303.80
2026-08-04,A-00025,storage,124.01
2026-08-04,A-00046,seat_change,38.64
2026-08-04,A-00031,export,419.95
2026-08-04,A-00018,storage,226.36
2026-08-04,A-00029,export,124.12
2026-08-04,A-00009,storage,491.22
2026-08-04,A-00000,export,109.52
2026-08-04,A-00001,api_call,216.54
2026-08-04,A-00001,seat_change,313.94
2026-08-04,A-00010,seat_change,77.06
2026-08-04,A-00000,support_ticket,425.32
2026-08-04,A-00022,api_call,205.98
2026-08-04,A-00008,support_ticket,203.11
2026-08-04,A-00013,seat_change,286.90
2026-08-04,A-00017,api_call,489.72
2026-08-04,A-00030,support_ticket,163.04
2026-08-04,A-00027,support_ticket,331.01
2026-08-04,A-00053,support_ticket,487.22
2026-08-04,A-00021,support_ticket,92.83
2026-08-04,A-00051,support_ticket,453.71
2026-08-04,A-00028,support_ticket,378.59
2026-08-04,A-00041,api_call,182.23
2026-08-04,A-00004,export,471.53
2026-08-04,A-00009,api_call,71.63
2026-08-04,A-00059,seat_change,69.22
2026-08-04,A-00039,support_ticket,32.40
2026-08-04,A-00055,support_ticket,350.09
2026-08-04,A-00033,storage,287.01
2026-08-04,A-00041,storage,235.31
2026-08-04,A-00010,api_call,394.07
2026-08-04,A-00036,api_call,59.66
2026-08-04,A-00056,export,397.19
2026-08-04,A-00011,api_call,39.49
2026-08-04,A-00029,api_call,158.16
2026-08-04,A-00054,storage,275.85
2026-08-04,A-00030,support_ticket,146.61
2026-08-04,A-00012,export,358.08
2026-08-04,A-00005,export,118.16
2026-08-04,A-00052,export,136.86
2026-08-04,A-00010,seat_change,261.76
2026-08-04,A-00001,export,170.90
2026-08-04,A-00001,api_call,32.65
2026-08-04,A-00024,storage,340.92
2026-08-04,A-00028,export,150.45
2026-08-04,A-00058,export,279.81
2026-08-04,A-00050,seat_change,291.28
2026-08-04,A-00034,support_ticket,323.41
2026-08-04,A-00010,api_call,177.08
2026-08-04,A-00030,export,52.96
2026-08-04,A-00023,storage,210.30
2026-08-04,A-00037,api_call,167.02
2026-08-04,A-00000,support_ticket,29.74
2026-08-04,A-00014,support_ticket,369.19
2026-08-04,A-00044,support_ticket,249.18
2026-08-04,A-00046,seat_change,257.49
2026-08-04,A-00000,storage,220.08
2026-08-04,A-00039,api_call,354.91
2026-08-04,A-00047,storage,403.64
2026-08-04,A-00024,api_call,399.00
2026-08-04,A-00013,export,205.09
2026-08-04,A-00038,storage,263.81
2026-08-04,A-00043,seat_change,396.36
2026-08-04,A-00000,export,342.22
2026-08-04,A-00059,export,180.85
2026-08-04,A-00021,seat_change,128.04
2026-08-04,A-00034,export,452.59
2026-08-04,A-00006,export,333.63
2026-08-04,A-00008,seat_change,87.54
2026-08-04,A-00039,api_call,371.77
2026-08-04,A-00051,seat_change,134.09
2026-08-04,A-00004,storage,3.12
2026-08-04,A-00004,storage,150.53
2026-08-04,A-00059,seat_change,393.78
2026-08-04,A-00028,seat_change,25.64
2026-08-04,A-00015,support_ticket,105.17
2026-08-04,A-00001,storage,214.22
2026-08-04,A-00000,seat_change,136.75
2026-08-04,A-00001,export,342.89
2026-08-04,A-00012,export,368.56
2026-08-04,A-00049,api_call,115.16
2026-08-04,A-00049,storage,346.26
2026-08-04,A-00014,support_ticket,54.28
2026-08-04,A-00027,seat_change,204.86
2026-08-04,A-00014,seat_change,429.89
2026-08-04,A-00050,storage,482.70
2026-08-04,A-00009,api_call,35.50
2026-08-04,A-00013,seat_change,473.61
2026-08-04,A-00017,support_ticket,142.00
2026-08-04,A-00022,api_call,492.29
2026-08-04,A-00026,storage,358.59
2026-08-04,A-00017,seat_change,145.83
2026-08-04,A-00043,support_ticket,364.89
2026-08-04,A-00038,api_call,207.31
2026-08-04,A-00001,api_call,372.95
2026-08-04,A-00011,api_call,450.83
2026-08-04,A-00050,export,360.67
2026-08-04,A-00053,seat_change,291.07
2026-08-04,A-00034,storage,183.04
2026-08-04,A-00028,api_call,67.08
2026-08-04,A-00042,seat_change,490.15
2026-08-04,A-00008,export,73.94
2026-08-04,A-00023,storage,102.91
2026-08-04,A-00050,export,477.75
2026-08-04,A-00048,storage,448.82
2026-08-04,A-00031,api_call,313.20
2026-08-04,A-00027,support_ticket,11.10
2026-08-04,A-00012,seat_change,232.37
2026-08-04,A-00050,support_ticket,153.04
2026-08-04,A-00040,support_ticket,123.90
2026-08-04,A-00000,storage,148.13
2026-08-04,A-00048,storage,110.49
2026-08-04,A-00059,support_ticket,81.46
2026-08-04,A-00005,api_call,264.96
2026-08-04,A-00043,storage,73.82
2026-08-04,A-00014,storage,210.64
2026-08-04,A-00059,storage,299.91
2026-08-04,A-00007,api_call,427.28
2026-08-04,A-00029,storage,419.84
2026-08-04,A-00013,storage,377.49
2026-08-04,A-00020,export,105.89
2026-08-04,A-00000,api_call,428.76
2026-08-04,A-00030,api_call,472.16
2026-08-04,A-00001,seat_change,23.18
2026-08-04,A-00015,api_call,398.01
2026-08-04,A-00016,export,415.94
2026-08-04,A-00036,api_call,234.42
2026-08-04,A-00023,seat_change,274.43
2026-08-04,A-00008,api_call,357.81
2026-08-04,A-00016,support_ticket,208.03
2026-08-04,A-00016,seat_change,84.37
2026-08-04,A-00050,api_call,29.36
2026-08-04,A-00024,api_call,297.40
2026-08-04,A-00030,storage,291.58
2026-08-04,A-00056,storage,435.75
2026-08-04,A-00018,storage,166.54
2026-08-04,A-00008,export,337.81
2026-08-04,A-00034,storage,181.56
2026-08-04,A-00024,storage,186.21
2026-08-04,A-00008,export,67.72
2026-08-04,A-00021,api_call,354.50
2026-08-04,A-00028,storage,156.70
2026-08-04,A-00014,export,185.48
2026-08-04,A-00057,api_call,163.23
2026-08-04,A-00054,api_call,226.34
2026-08-04,A-00005,seat_change,229.41
2026-08-04,A-00008,api_call,186.14
2026-08-04,A-00005,storage,152.26
2026-08-04,A-00042,api_call,449.20
2026-08-04,A-00053,export,274.37
2026-08-04,A-00003,storage,411.57
2026-08-04,A-00040,api_call,348.89
2026-08-04,A-00042,storage,325.27
2026-08-04,A-00011,seat_change,117.48
2026-08-04,A-00055,seat_change,188.80
2026-08-04,A-00009,support_ticket,125.80
2026-08-04,A-00028,export,11.26
2026-08-04,A-00023,support_ticket,219.90
2026-08-04,A-00044,export,190.35
2026-08-04,A-00016,export,36.99
2026-08-04,A-00015,api_call,421.33
2026-08-04,A-00057,export,110.95
2026-08-04,A-00027,support_ticket,179.28
2026-08-04,A-00046,seat_change,87.56
2026-08-04,A-00027,api_call,69.78
2026-08-04,A-00052,storage,490.42
2026-08-04,A-00058,storage,79.88
2026-08-04,A-00008,export,167.07
2026-08-04,A-00026,seat_change,379.14
2026-08-04,A-00021,storage,407.06
2026-08-04,A-00007,storage,162.03
2026-08-04,A-00002,seat_change,47.51
2026-08-04,A-00043,seat_change,460.33
2026-08-04,A-00033,seat_change,271.28
2026-08-04,A-00016,seat_change,441.36
2026-08-04,A-00037,export,473.69
2026-08-04,A-00010,export,46.10
2026-08-04,A-00008,export,266.41
2026-08-04,A-00018,api_call,368.18
2026-08-04,A-00007,storage,237.08
2026-08-04,A-00043,storage,243.56
2026-08-04,A-00000,api_call,80.99
2026-08-04,A-00055,support_ticket,84.25
2026-08-04,A-00007,seat_change,216.20
2026-08-04,A-00014,storage,440.09
2026-08-04,A-00012,api_call,249.34
2026-08-04,A-00033,support_ticket,432.49
2026-08-04,A-00038,export,83.18
2026-08-04,A-00046,support_ticket,301.94
2026-08-04,A-00034,export,375.58
2026-08-04,A-00022,api_call,192.80
2026-08-04,A-00028,export,129.48
2026-08-04,A-00026,seat_change,247.38
2026-08-04,A-00046,api_call,94.74
2026-08-04,A-00043,support_ticket,94.64
2026-08-04,A-00028,support_ticket,315.68
2026-08-04,A-00056,seat_change,2.07
2026-08-04,A-00008,seat_change,337.32
2026-08-04,A-00025,seat_change,122.90
2026-08-04,A-00038,api_call,384.46
2026-08-04,A-00005,api_call,41.40
2026-08-04,A-00051,api_call,384.02
2026-08-04,A-00025,export,473.02
2026-08-04,A-00054,support_ticket,145.91
2026-08-04,A-00019,seat_change,25.60
2026-08-04,A-00057,export,338.72
2026-08-04,A-00014,support_ticket,199.68
2026-08-04,A-00043,export,404.13
2026-08-04,A-00043,export,29.89
2026-08-04,A-00010,export,416.36
2026-08-04,A-00039,api_call,162.25
2026-08-04,A-00040,api_call,175.41
2026-08-04,A-00051,support_ticket,463.26
2026-08-04,A-00035,support_ticket,56.04
2026-08-04,A-00006,seat_change,472.04
2026-08-04,A-00010,export,403.50
2026-08-04,A-00029,export,277.20
2026-08-04,A-00055,api_call,299.09
2026-08-04,A-00054,api_call,435.23
2026-08-04,A-00023,api_call,118.05
2026-08-04,A-00011,export,415.74
2026-08-04,A-00052,seat_change,398.15
2026-08-04,A-00013,support_ticket,253.13
2026-08-04,A-00008,support_ticket,38.19
2026-08-04,A-00015,export,87.70
2026-08-04,A-00006,storage,114.76
2026-08-04,A-00036,seat_change,134.19
2026-08-04,A-00029,api_call,126.72
2026-08-04,A-00024,seat_change,0.34
2026-08-04,A-00021,seat_change,115.70
2026-08-04,A-00012,support_ticket,269.68
2026-08-04,A-00052,seat_change,451.60
2026-08-04,A-00046,api_call,162.11
2026-08-04,A-00031,export,47.37
2026-08-04,A-00059,support_ticket,292.86
2026-08-04,A-00006,seat_change,222.91
2026-08-04,A-00015,api_call,25.24
2026-08-04,A-00013,api_call,309.87
2026-08-04,A-00009,api_call,487.88
2026-08-04,A-00005,api_call,481.56
2026-08-04,A-00010,seat_change,372.86
2026-08-04,A-00002,api_call,168.31
2026-08-04,A-00008,api_call,469.09
2026-08-04,A-00043,storage,241.58
2026-08-04,A-00026,export,210.45
2026-08-04,A-00026,support_ticket,272.65
2026-08-04,A-00057,export,18.70
2026-08-04,A-00046,support_ticket,236.87
2026-08-04,A-00048,seat_change,365.97
2026-08-04,A-00021,api_call,95.55
2026-08-04,A-00006,support_ticket,56.55
2026-08-04,A-00036,storage,288.58
